{
	"format_version": "1.8.0",
	"animations": {
		"shadowgarden.animation.catch": {
			"animation_length": 1.83333,
			"bones": {
				"hand": {
					"rotation": {
						"0.0": {
							"vector": [0, 0, 0]
						},
						"0.1833": {
							"vector": [0, 0, 0]
						},
						"0.3": {
							"vector": [0, 60, 0]
						}
					},
					"position": {
						"0.0": {
							"vector": [0, 0, 0]
						},
						"0.1833": {
							"vector": [0, 0, 0]
						},
						"0.3": {
							"vector": [0, 41.1, 0]
						}
					}
				},
				"bone3": {
					"rotation": {
						"0.3167": {
							"vector": [0, 0, 0]
						},
						"0.45": {
							"vector": [26, 0, 0]
						}
					}
				},
				"bone4": {
					"rotation": {
						"0.3167": {
							"vector": [0, 0, 0]
						},
						"0.45": {
							"vector": [20, 0, 0]
						}
					}
				},
				"bone55": {
					"rotation": {
						"vector": [0, 0, 11]
					}
				},
				"finger30": {
					"rotation": {
						"0.4": {
							"vector": [0, 0, 0]
						},
						"0.4667": {
							"vector": [-31.57532, 17.41729, -20.45389]
						}
					}
				},
				"bone65": {
					"rotation": {
						"0.4": {
							"vector": [0, 0, 0]
						},
						"0.4667": {
							"vector": [0, 39, 0]
						}
					}
				},
				"hand2": {
					"rotation": {
						"0.0": {
							"vector": [0, 0, 0]
						},
						"0.35": {
							"vector": [9.00523, -7.15602, -10.26488]
						}
					},
					"position": {
						"0.0": {
							"vector": [-0.7, 1.3, -0.1]
						},
						"0.35": {
							"vector": [-0.7, 40, -0.1]
						}
					}
				},
				"bone5": {
					"rotation": {
						"0.0": {
							"vector": [4.04171, 0.53328, -0.11831]
						},
						"0.1667": {
							"vector": [6.62328, 0.68663, -5.26045]
						},
						"0.35": {
							"vector": [6.03647, 1.03538, -11.23035]
						}
					}
				},
				"bone6": {
					"rotation": {
						"0.0": {
							"vector": [-1.97141, 0.37832, 0.24349]
						},
						"0.1": {
							"vector": [-2.98419, 0.22321, 0.2342]
						}
					},
					"position": {
						"0.0": {
							"vector": [0, 0, 0]
						},
						"0.1": {
							"vector": [0, 0, 0]
						}
					},
					"scale": {
						"0.0": {
							"vector": [1, 1, 1]
						},
						"0.1": {
							"vector": [1, 1, 1]
						}
					}
				},
				"palm2": {
					"rotation": {
						"0.0": {
							"vector": [0, 0, 0]
						},
						"0.1667": {
							"vector": [3.82512, -6.67726, 18.3778]
						},
						"0.35": {
							"vector": [3.23425, -0.7279, 0.96446]
						}
					},
					"position": {
						"vector": [0, 0, 0]
					},
					"scale": {
						"vector": [1, 1, 1]
					}
				},
				"finger2": {
					"rotation": {
						"0.35": {
							"vector": [0, 0, 0]
						},
						"0.4667": {
							"vector": [11.37797, 17.39644, 90.08201]
						}
					},
					"position": {
						"vector": [0, 0, 0]
					}
				},
				"bone9": {
					"rotation": {
						"vector": [0.12332, -8.69023, -8.30328]
					}
				},
				"bone10": {
					"rotation": {
						"0.35": {
							"vector": [0, 0, 0]
						},
						"0.4667": {
							"vector": [-0.1515, -1.45192, -30.08688]
						}
					},
					"position": {
						"0.35": {
							"vector": [0, 0, 0]
						},
						"0.4667": {
							"vector": [-0.1187, -0.05257, -0.0561]
						}
					}
				},
				"finger3": {
					"rotation": {
						"0.35": {
							"vector": [0, 0, 0]
						},
						"0.4667": {
							"vector": [7.58456, 16.17614, 74.2415]
						}
					},
					"position": {
						"vector": [0, 0, 0]
					}
				},
				"bone12": {
					"rotation": {
						"0.35": {
							"vector": [0, 0, 0]
						},
						"0.4667": {
							"vector": [-0.44972, -11.77157, -23.43168]
						}
					},
					"position": {
						"0.35": {
							"vector": [0, 0, 0]
						},
						"0.4667": {
							"vector": [-0.11554, -0.0715, -0.03922]
						}
					}
				},
				"finger4": {
					"rotation": {
						"0.35": {
							"vector": [0, 0, 0]
						},
						"0.4667": {
							"vector": [7.24898, 16.14701, 73.76823]
						}
					},
					"position": {
						"vector": [0, 0, 0]
					}
				},
				"bone14": {
					"rotation": {
						"0.35": {
							"vector": [0, 0, 0]
						},
						"0.4667": {
							"vector": [0.36599, -5.66166, -11.71955]
						}
					},
					"position": {
						"vector": [0, 0, 0]
					}
				},
				"finger5": {
					"rotation": {
						"0.35": {
							"vector": [0, 0, 0]
						},
						"0.4667": {
							"vector": [16.36164, 15.4523, 78.08868]
						}
					},
					"position": {
						"vector": [0, 0, 0]
					}
				},
				"bone15": {
					"rotation": {
						"0.3333": {
							"vector": [0, 0, 0]
						},
						"0.4667": {
							"vector": [0.94858, 1.5462, -17.04357]
						}
					},
					"position": {
						"0.3333": {
							"vector": [0, 0, 0]
						},
						"0.4667": {
							"vector": [0, 0, 0]
						}
					}
				},
				"bone16": {
					"rotation": {
						"0.35": {
							"vector": [0, 0, 0]
						},
						"0.4667": {
							"vector": [2.63952, -9.71893, -11.73068]
						}
					},
					"position": {
						"0.35": {
							"vector": [0, 0, 0]
						},
						"0.4667": {
							"vector": [0, 0, 0]
						}
					}
				},
				"finger6": {
					"rotation": {
						"0.1": {
							"vector": [0, 0, 0]
						},
						"0.35": {
							"vector": [-1.82201, -14.39153, 3.75144]
						},
						"0.4667": {
							"vector": [11.10505, -16.279, 2.67218]
						}
					},
					"position": {
						"0.1": {
							"vector": [0, 0, 0]
						},
						"0.35": {
							"vector": [0, 0, 0]
						},
						"0.4667": {
							"vector": [0, 0, 0]
						}
					},
					"scale": {
						"vector": [1, 1, 1]
					}
				},
				"bone17": {
					"rotation": {
						"0.35": {
							"vector": [0, 0, 0]
						},
						"0.4667": {
							"vector": [15.54668, 64.14645, 35.10547]
						}
					},
					"position": {
						"0.35": {
							"vector": [0, 0, 0]
						},
						"0.4667": {
							"vector": [-0.02095, 0.19762, 0.02252]
						}
					}
				},
				"hand3": {
					"rotation": {
						"0.0": {
							"vector": [0, 0, 0]
						},
						"0.25": {
							"vector": [-9, 0, 0]
						}
					},
					"position": {
						"0.0": {
							"vector": [-3.6, 8.1, 2.7]
						},
						"0.25": {
							"vector": [-1.5, 42.9, 2.7]
						}
					}
				},
				"bone20": {
					"rotation": {
						"0.0": {
							"vector": [0, 0, 0]
						},
						"0.2833": {
							"vector": [0, 0, 0]
						}
					}
				},
				"bone21": {
					"rotation": {
						"0.0": {
							"vector": [0, 0, 0]
						},
						"0.1833": {
							"vector": [0, 0, 0]
						},
						"0.25": {
							"vector": [11, 0, 0]
						}
					},
					"position": {
						"0.0": {
							"vector": [0, 0, 0]
						},
						"0.1833": {
							"vector": [0, 0, 0]
						}
					},
					"scale": {
						"0.0": {
							"vector": [1, 1, 1]
						},
						"0.1833": {
							"vector": [1, 1, 1]
						}
					}
				},
				"palm3": {
					"rotation": {
						"0.0833": {
							"vector": [0, 0, 0]
						},
						"0.2333": {
							"vector": [-2.31212, 0.08236, 20.97747]
						},
						"0.3": {
							"vector": [-3.26375, 0.26345, 14.90524]
						}
					},
					"position": {
						"0.0833": {
							"vector": [0, 0, 0]
						},
						"0.2333": {
							"vector": [0, 0, 0]
						}
					}
				},
				"bone23": {
					"rotation": {
						"vector": [0, 0, 4]
					}
				},
				"bone24": {
					"rotation": {
						"0.3": {
							"vector": [0, 0, 0]
						},
						"0.3667": {
							"vector": [0, 0, -11]
						}
					}
				},
				"bone25": {
					"rotation": {
						"0.3": {
							"vector": [0, 0, 0]
						},
						"0.35": {
							"vector": [0, 0, 5]
						}
					}
				},
				"bone26": {
					"rotation": {
						"0.3": {
							"vector": [0, 0, 0]
						},
						"0.3667": {
							"vector": [-5.56421, 12.8671, -6.62791]
						}
					}
				},
				"bone28": {
					"rotation": {
						"0.15": {
							"vector": [0, 0, 0]
						},
						"0.2333": {
							"vector": [0, 0, 0]
						},
						"0.3667": {
							"vector": [22.50618, 19.19475, 63.451]
						}
					},