{
	"format_version": "1.12.0",
	"minecraft:geometry": [
		{
			"description": {
				"identifier": "geometry.unknown",
				"texture_width": 256,
				"texture_height": 256,
				"visible_bounds_width": 5,
				"visible_bounds_height": 7.5,
				"visible_bounds_offset": [0, 3.25, 0]
			},
			"bones": [
				{
					"name": "bag",
					"pivot": [1.92544, 1.16194, 0.7327],
					"rotation": [0, -90, 90],
					"cubes": [
						{
							"origin": [-1.84997, -3.09454, -0.43802],
							"size": [6.27264, 5.69664, 1.87776],
							"uv": {
								"north": {"uv": [74, 17], "uv_size": [6.25, 5.75]},
								"east": {"uv": [42, 10], "uv_size": [2, 5.75]},
								"south": {"uv": [8, 75], "uv_size": [6.25, 5.75]},
								"west": {"uv": [68, 101], "uv_size": [2, 5.75]},
								"up": {"uv": [95, 99], "uv_size": [6.25, 2]},
								"down": {"uv": [100, 10], "uv_size": [6.25, -2]}
							}
						},
						{
							"origin": [-2.97015, -2.96206, 0.30309],
							"size": [1.68, 5.69664, 1.2288],
							"pivot": [-1.50245, -0.57742, 1.28422],
							"rotation": [0, -89, 0],
							"uv": {
								"north": {"uv": [91, 105], "uv_size": [1.75, 5.75]},
								"east": {"uv": [28, 114], "uv_size": [1.25, 5.75]},
								"south": {"uv": [51, 106], "uv_size": [1.75, 5.75]},
								"west": {"uv": [32, 114], "uv_size": [1.25, 5.75]},
								"up": {"uv": [134, 50], "uv_size": [1.75, 1.25]},
								"down": {"uv": [134, 58.25], "uv_size": [1.75, -1.25]}
							}
						},
						{
							"origin": [-1.63493, -6.39694, 5.52358],
							"size": [6.09408, 1.44768, 0.62992],
							"pivot": [4.06171, -4.15438, -0.96794],
							"rotation": [90, 0, 0],
							"uv": {
								"north": {"uv": [107, 46], "uv_size": [6, 1.5]},
								"east": {"uv": [127, 143], "uv_size": [0.5, 1.5]},
								"south": {"uv": [107, 48], "uv_size": [6, 1.5]},
								"west": {"uv": [143, 127], "uv_size": [0.5, 1.5]},
								"up": {"uv": [129, 61], "uv_size": [6, 0.5]},
								"down": {"uv": [129, 68.5], "uv_size": [6, -0.5]}
							}
						},
						{
							"origin": [-1.76741, -6.35886, 6.0535],
							"size": [6.09408, 1.11776, 0.30544],
							"pivot": [4.06171, -4.15438, -0.96794],
							"rotation": [82, 0, 0],
							"uv": {
								"north": {"uv": [81, 13], "uv_size": [6, 1]},
								"east": {"uv": [147, 116], "uv_size": [0.25, 1]},
								"south": {"uv": [81, 22], "uv_size": [6, 1]},
								"west": {"uv": [117, 147], "uv_size": [0.25, 1]},
								"up": {"uv": [138, 36], "uv_size": [6, 0.25]},
								"down": {"uv": [138, 61.25], "uv_size": [6, -0.25]}
							}
						},
						{
							"origin": [-1.63493, 0.27698, 3.02374],
							"size": [5.82912, 1.68976, 0.58944],
							"pivot": [4.06171, -4.15438, -0.96794],
							"rotation": [12, 0, 0],
							"uv": {
								"north": {"uv": [108, 5], "uv_size": [5.75, 1.5]},
								"east": {"uv": [143, 129], "uv_size": [0.5, 1.5]},
								"south": {"uv": [108, 20], "uv_size": [5.75, 1.5]},
								"west": {"uv": [143, 131], "uv_size": [0.5, 1.5]},
								"up": {"uv": [129, 120], "uv_size": [5.75, 0.5]},
								"down": {"uv": [129, 121.5], "uv_size": [5.75, -0.5]}
							}
						},
						{
							"origin": [-1.36997, -0.17998, 1.83142],
							"size": [5.16672, 1.58976, 0.49344],
							"pivot": [4.06171, -4.15438, -0.96794],
							"rotation": [-2, 0, 0],
							"uv": {
								"north": {"uv": [109, 74], "uv_size": [5.25, 1.5]},
								"east": {"uv": [132, 143], "uv_size": [0.5, 1.5]},
								"south": {"uv": [109, 87], "uv_size": [5.25, 1.5]},
								"west": {"uv": [133, 143], "uv_size": [0.5, 1.5]},
								"up": {"uv": [131, 80], "uv_size": [5.25, 0.5]},
								"down": {"uv": [131, 128.5], "uv_size": [5.25, -0.5]}
							}
						},
						{
							"origin": [-1.82693, -3.98158, 1.3015],
							"size": [6.30912, 6.5392, 0.58944],
							"pivot": [4.06171, -4.15438, -0.96794],
							"rotation": [-1, 0, 0],
							"uv": {
								"north": {"uv": [68, 27], "uv_size": [6.25, 6.75]},
								"east": {"uv": [121, 127], "uv_size": [0.5, 6.75]},
								"south": {"uv": [60, 68], "uv_size": [6.25, 6.75]},
								"west": {"uv": [60, 128], "uv_size": [0.5, 6.75]},
								"up": {"uv": [129, 41], "uv_size": [6.25, 0.5]},
								"down": {"uv": [129, 48.5], "uv_size": [6.25, -0.5]}
							}
						},
						{
							"origin": [-1.86341, -3.3595, -2.63642],
							"size": [6.32256, 2.00064, 1.80096],
							"pivot": [4.06171, -4.15438, -0.96794],
							"rotation": [-90, 0, 0],
							"uv": {
								"north": {"uv": [47, 100], "uv_size": [6.25, 2]},
								"east": {"uv": [127, 48], "uv_size": [1.75, 2]},
								"south": {"uv": [100, 50], "uv_size": [6.25, 2]},
								"west": {"uv": [49, 127], "uv_size": [1.75, 2]},
								"up": {"uv": [103, 16], "uv_size": [6.25, 1.75]},
								"down": {"uv": [103, 19.75], "uv_size": [6.25, -1.75]}
							}
						},
						{
							"origin": [-1.82693, -6.53902, -2.16026],
							"size": [6.19008, 2.48064, 0.52992],
							"pivot": [4.06171, -4.15438, -0.96794],
							"rotation": [180, 0, 0],
							"uv": {
								"north": {"uv": [96, 16], "uv_size": [6.25, 2.5]},
								"east": {"uv": [140, 102], "uv_size": [0.5, 2.5]},
								"south": {"uv": [96, 19], "uv_size": [6.25, 2.5]},
								"west": {"uv": [140, 105], "uv_size": [0.5, 2.5]},
								"up": {"uv": [129, 49], "uv_size": [6.25, 0.5]},
								"down": {"uv": [129, 54.5], "uv_size": [6.25, -0.5]}
							}
						},
						{
							"origin": [0.74971, -1.02078, 1.74502],
							"size": [1.3248, 1.3248, 0.8448],
							"uv": {
								"north": {"uv": [137, 100], "uv_size": [1.25, 1.25]},
								"east": {"uv": [48, 142], "uv_size": [0.75, 1.25]},
								"south": {"uv": [103, 137], "uv_size": [1.25, 1.25]},
								"west": {"uv": [142, 56], "uv_size": [0.75, 1.25]},
								"up": {"uv": [142, 58], "uv_size": [1.25, 0.75]},
								"down": {"uv": [142, 59.75], "uv_size": [1.25, -0.75]}
							}
						}
					]
				},
				{
					"name": "bone",
					"parent": "bag",
					"pivot": [1.96144, 1.64594, 1.0527],
					"rotation": [-27, 0, 0],
					"cubes": [
						{
							"origin": [5.67608, 2.05, -0.21602],
							"size": [0.576, 0.672, 2.116],
							"pivot": [5.41744, 4.52594, 0.7647],
							"rotation": [-120.01248, 15.08473, -152.05082],
							"uv": {
								"north": {"uv": [146, 139], "uv_size": [0.5, 0.75]},
								"east": {"uv": [138, 90], "uv_size": [2, 0.75]},
								"south": {"uv": [140, 146], "uv_size": [0.5, 0.75]},
								"west": {"uv": [138, 102], "uv_size": [2, 0.75]},
								"up": {"uv": [139, 141], "uv_size": [0.5, 2]},
								"down": {"uv": [142, 2], "uv_size": [0.5, -2]}
							}
						},
						{
							"origin": [-7.096, -0.12, 3.1967],
							"size": [0.576, 0.772, 1.4],
							"pivot": [1.96144, 1.64594, 1.0527],
							"rotation": [-105.41494, -22.24747, 121.37232],
							"uv": {
								"north": {"uv": [146, 134], "uv_size": [0.5, 0.75]},
								"east": {"uv": [124, 61], "uv_size": [4.75, 0.75]},
								"south": {"uv": [135, 146], "uv_size": [0.5, 0.75]},
								"west": {"uv": [124, 90], "uv_size": [4.75, 0.75]},
								"up": {"uv": [101, 133], "uv_size": [0.5, 4.75]},
								"down": {"uv": [102, 137.75], "uv_size": [0.5, -4.75]}
							}
						},
						{
							"origin": [5.67608, 1.94661, -0.26802],
							"size": [0.576, 0.576, 1.636],
							"pivot": [5.41744, 4.52594, 0.7647],
							"rotation": [-150.8337, 12.32238, -154.41456],
							"uv": {
								"north": {"uv": [147, 117], "uv_size": [0.5, 0.5]},
								"east": {"uv": [136, 143], "uv_size": [1.5, 0.5]},
								"south": {"uv": [118, 147], "uv_size": [0.5, 0.5]},
								"west": {"uv": [143, 137], "uv_size": [1.5, 0.5]},
								"up": {"uv": [143, 138], "uv_size": [0.5, 1.5]},
								"down": {"uv": [139, 144.5], "uv_size": [0.5, -1.5]}
							}
						},
						{
							"origin": [-1.922, 0.04, 4.3407],
							"size": [0.572, 0.672, 1.344],
							"pivot": [1.96144, 1.64594, 1.0527],
							"rotation": [-116.89944, -0.34571, 176.59476],